"idCompany1","idCompany2"
"b000jz4hqo","18441480711193821750"
"b00004tkvy","18441110047404795849"
"b000g80lqo","18441188461196475272"
"b0006se5bq","18428750969726461849"
"b00021xhzw","18430621475529168165"
"b0000dbykm","18434163358494173665"
"b0000dbykm","18363672170449359273"
"b00029bqa2","18431790997623472871"
"b0007prnjo","18434733520229761009"
"b000i82j80","18434262004669557918"
"b000i82j80","6054765746746674194"
"b000in6u62","18434616791723899127"
"b00006hvvo","3409784122469217433"
"b00006hvvo","9687887699930800156"
"b0000ycfcw","321181551780335576"
"b00066dd5m","949436197920820923"
"b00002sac9","8401993747038150345"
"b000bcz8ng","3077454195131808819"
"b000fm18vi","3620383930983735395"
"b00009apna","3435680088823178198"
"b0009rgzgm","1883379429602083103"
"b000ap2wyw","2622452102774676117"
"b000o24l3q","5181661570525386541"
"b000o24l3q","9489728552695383239"
"b0009jlux8","4923451909983851979"
"b000cszg2m","5032391174084349054"
"b00023azve","4949402291543451335"
"b000ndicuy","2263647849333008264"
"b0000ycfdq","4188176128903497851"
"b0007yepy6","4783370532123880956"
"b000cpmtwk","1417708435719198149"
"b0002qnd2y","975032998818002648"
"b000h22pg8","392494394952738157"
"b0009h9q1i","5665024204886410"
"b000cqyclu","1695089910833084773"
"b0001db6i6","12904825904608701558"
"b000bl40dg","10381298233088883938"
"b000h22rbg","10500380486679990055"
"b000bezsyi","10911853136488554482"
"b0007g9760","11567429261409321598"
"b0001bg5gq","11618158047568311763"
"b000ivhozk","12543046747030237240"
"b000buqo9a","12604725900103506627"
"b00032heya","6195321262763979528"
"b000butd6q","6990565128537638388"
"b00032hexq","6856336028258284106"
"b000b6vlh4","10993073455692001778"
"b0009i9tqy","8804538687114603592"
"b00024yohy","9205821354688722990"
"b00020633g","5720091777255380975"
"b000cbqbby","5968511357343083164"
"b0002x1omi","7039940734695244235"
"b0009stm6g","7117788517647646539"
"b000ap0h94","7651654029530591686"
"b0000ycfe0","8175198959985911471"
"b00006j02n","18268949289189904876"
"b0000aka82","15883771067913561390"
"b00002s8if","17110430434010171078"
"b0009ren8e","18152695793777845265"
"b000a3x6te","16407653863068941558"
"b000bnb72g","17010841797296818807"
"b000ap422c","15918748426604243470"
"b000098xjo","16361312648941715869"
"b000314vvu","18384366678790095384"
"b000fa5ens","18384136689746651786"
"b0002e3g6o","18384557845547191313"
"b0007iqg2q","18383108968754488314"
"b000099sin","18383594456090582739"
"b000hj9r3u","18422892267475594445"
"b0007yll20","18425596514092797479"
"b0007yll20","18431066094306345892"
"b0000ak7c5","18424334149556003404"
"b000162zp6","18423412970630780827"
"b000i84dsy","18427191929555331953"
"b000gaoo7y","18384280629938052082"
"b00008ajjc","18424464601572004274"
"b000jj4fbw","18427202789383020961"
"b000kmcf0g","18420491833696681736"
"b000ozibhk","18418631443367666576"
"b000h774k0","18419564278412211145"
"b000162zq0","18424247759201075212"
"b0006g2wke","18422068306669698354"
"b000qs8n64","18422266773656246362"
"b000cpshfs","18422327928504968692"
"b000ehq008","18415416380788323186"
"b000f7ixx4","18416260775952371893"
"b000f7ixx4","18406460610458325212"
"b000brgbpa","18413484739795948632"
"b0000c6fjm","18413075895200367717"
"b00005yx8i","18417819850768172148"
"b000hkgj8k","18417354130985846422"
"b0002719lk","18416093365515680633"
"b00006h38u","18406000514365649458"
"b000lu8a10","18406653450238248367"
"b0006oei8u","18409822956112890125"
"b000f613x2","18428018889032699615"
"b000p9cr34","18421148872586071492"
"b000j4k804","18411875162562199123"
"b00008mopv","16621550764866327052"
"b000nwsclo","18404168006486239466"
"b000ek6ekq","18404187604346548446"
"b0008ews9o","18354430457145981051"
"b0009y6f0g","18404319188505755669"
"b000g017kg","18405135648098652581"
"b0006g31i6","18405362244680246986"
"b000i2qubi","12835181529749808477"
"b000qfqa1w","18405745276041721942"
"b000056b62","18446496383812786183"
"b000fbk6gc","18446612824766852081"
"b0007d8es0","18445465727364031756"
"b0006z16qq","18445827127704822533"
"b0002w37x8","18444171148464728826"
"b0006g31ao","18445341039052694828"
"b00005atxo","11430069725574750424"
"b000eavbdq","18443105453266961029"
"b000ozhfsq","18438075297130458214"
"b000ozhfsq","9997282084409978802"
"b000083k83","18439030063794622523"
"b0002bqqxw","18436194751131787997"
"b000e6q3em","18435517580056006507"
"b0009hmx36","18435954901092427938"
"b0006g2zce","16821958940203637711"
"b000jx3qxq","18435579466587005010"
"b000jx3qxq","13304616444690819122"
"b0000y7wc0","18438098517069192631"
"b000jbxxtk","18377982787934617712"
"b000s8jxpc","18415890873747923115"
"b0009zhg8k","18403568462989725383"
"b000e5n0mg","18400554570218912442"
"b000e5n0mg","10008484121273338467"
"b00079pmwa","18400846626733696167"
"b0000dzfvd","18398703861878507186"
"b000i2jd0s","18393898679155461769"
"b00099qrok","9755705822363275907"
"b000068xl9","18398774476993389905"
"b000bi7uqs","18403148885652932189"
"b0006g2wr2","18403352308945312678"
"b000hvtk9e","18400163697429940544"
"b000jjrwas","18400264612493053038"
"b000jx29wa","18403866794415896226"
"b00063blg8","18399719239824156071"
"b0002bqrq8","18386073325514862606"
"b000ecoami","18389952572089446651"
"b000067vpa","18389772286278704810"
"b0006b4zr2","18387344743770716829"
"b000aly75i","18391095906680955632"
"b000a7mfn8","18387170188665857199"
"b000hlt57q","18385266399097496621"
"b000fepvcs","18395637668335924867"
"b0000y7wck","18395209041486825295"
"b000gv8u32","18395632346791388859"
"b000btas3y","18393736281334607132"
"b000qv5xqy","18391914133104937904"
"b000bw7kxw","18392335669009428265"
"b0007q7mg2","13558726664717453661"
"b0007q7mg2","13029285540855383313"
"b000b5ue6y","18392141725886908183"
"b000ndibaa","3285016045940957596"
"b0001wn1ee","12776057589362570320"
"b000jgf410","9949258255997064102"
"b000hcl5sm","12905177887993533095"
"b0000cg4ah","18417940197818815384"
"b000e8jl80","16064170791328826375"
"b000coxs30","18397190495511936667"
"b0001y7poo","8489592412659021834"
"b0001y7poo","4468026794504477734"
"b000ndibq4","7928058720709111960"
"b000ndibq4","2461116331238857888"
"b000ndibci","5536147337142384196"
"b000j00xf8","2828778266734579385"
"b000hlp5do","4835538995422992772"
"b000edkurg","13699037964945038111"
"b000kzf7oo","18395554978346558556"
"b000e8jlai","18364244585954350504"
"b000e8jlai","8918859484248831701"
"b000hc0m36","12949835105262366018"
"b0008ewsai","10066664236286478958"
"b00009adf3","12203635138191657547"
"b00009adf3","10843999530069218918"
"b00009apn8","17298617365180292947"
"b000rwdd9q","13813465547037122851"
"b000pihtec","13778334917246964953"
"b0002bqqtq","12603976278153658661"
"b000rw9md2","14209929007229153860"
"b000in18nm","12354599434001970846"
"b000098xiy","12991839860010855049"
"b000c55alw","10177129616064822618"
"b000h20hu4","11816902045207686274"
"b0009yegcu","12024241460287341882"
"b00061u8sc","12121003713992255160"
"b000i2y0cy","1528326579184485637"
"b000ndemb2","9858798962478264497"
"b000fzvv3u","9675508034468866052"
"b000h14rqk","18177463782265275234"
"b000h14rqk","10090208868795399315"
"b000ffsgga","9487354196638610375"
"b000e8jlda","14794198635011271295"
"b000fzxiou","12642359421626863460"
"b0002h6x34","4823291609006887387"
"b0001gjc52","13642535173107321529"
"b000bcgfe2","6801077797933253662"
"b000e8jl7q","4682448981783641744"
"b000lu89xy","13831527178214062853"
"b000gknmd6","1088964682231544841"
"b000qtu1ay","18391195855196917401"
"b000he35ss","11153480872220659485"
"b000exs488","11143055459495586546"
"b000egwc42","18427221955987040627"
"b000q1n7du","10720887667449998069"
"b000ndibnc","16406760233183606059"
"b000cqnjim","10662427062723563235"
"b000h5j4ka","11343247749866294908"
"b000e15nhk","11343247749866294908"
"b000fzz73u","11404711258824251475"
"b000hkpb3e","11022538834870557563"
"b000k7ving","13468530879861986847"
"b000ga99ry","13264093951540339583"
"b000epcfz4","13118744398423334173"
"b000o39u3g","13023052343955574084"
"b000hlv6mi","10688959294324458483"
"b0000afu4e","10376000923691891679"
"b000jgw9ae","10471177135649344162"
"b000hlr9my","18368153783802816439"
"b000hlr9my","2255189038262879768"
"b000fzz730","10105070429318394420"
"b000r1g844","13637950682292849732"
"b000exq2cs","9463842250533836611"
"b000ozjtoo","13637950682292849732"
"b000099sie","12471937113581397461"
"b0001wn0li","18379653518269884966"
"b000j6dues","12495037922890432173"
"b0006ni698","11865417944403325412"
"b000he4riu","12068923163500219493"
"b00070ouja","13771177133224281760"
"b000eplmpi","13683578637114771147"
"b000nknb62","13773294714940805969"
"b000aa8796","13804410937823415271"
"b00009m8ur","13743628234242373469"
"b000frttvy","10497976503252074561"
"b0007d8r5k","13775362651326388438"
"b000e8jlbw","3597076779822744306"
"b000fzxisg","13727078323480476968"
"b000fzxisg","10282477376383378142"
"b0008ews6w","11041238021562109147"
"b000exw510","9551528510942983552"
"b000fzz76m","9505595690175506725"
"b00062ak2k","18376072611700638452"
"b000eqazb4","12965745281480952652"
"b000kmehha","11463298814554093369"
"b000ndibws","9484979283744840884"
"b000hlp64w","11554840496283672285"
"b000bddf08","11443016597547288676"
"b000evo8h6","18368735287693525011"
"b000lv6pyi","18367889369421729693"
"b00005ld1r","18367097829354438075"
"b0006g2vk0","18365507478568694929"
"b000gkli0a","6426816868919758079"
"b000fbgapi","18364140307508478752"
"b000qgixde","18360307000127444765"
"b000oziaz8","15207825953028155236"
"b00008mnxr","13582930230756997101"
"b000fnevhk","18358728426530670777"
"b000kg86b4","18360175926672582960"
"b00097iaym","18354270349835110075"
"b000ivfciq","18355044473505180786"
"b000ivfciq","12151689484559213261"
"b000jx1kma","18356272944058818376"
"b000a6na6a","18355630027419003625"
"b000a3ky4e","18356638685856745200"
"b000aoz7fo","18353566070605982375"
"b0006g2tum","18352674914916743912"
"b000icpfmi","14325412592062687221"
"b0007yepyg","14284530408597272725"
"b00032heyk","14100958400236899770"
"b0000ycfdg","13728717906019565465"
"b0009y6f56","13392915442415544255"
"b000cbn9aa","13143355002649939201"
"b000cpshia","14493833507639383996"
"b000922dwc","15297739858013318917"
"b000ogsgym","15551866173776009457"
"b000b0gzu8","14443748429238960679"
"b00062ujhg","14762714779654278826"
"b000hed3f8","15401280256033043239"
"b000enucvk","3437735654737897918"
"b00032hey0","13776469109811872414"
"b000bckmaa","13796906802854864998"
"b000dz964i","18379602755577753525"
"b0002r74a0","18380144380139373224"
"b000nknb44","5978521375376689048"
"b000ehpzxq","18381050378194058330"
"b000fkd3cc","18388829675891326365"
"b00030cbu4","18379664802687261824"
"b000ndibh8","2261905427242154693"
"b000euhk3g","14356986779854403622"
"b000cditbc","18377490087458020504"
"b000krd3bq","10299611596430222322"
"b000krd3bq","17596883596074762243"
"b000gwkol2","18376303388125635572"
"b000nvkyse","1492097838915695810"
"b00006rgnx","6732814497585724663"
"b000qctqne","18375765231096501819"
"b000bnkbdm","18374143831267894200"
"b000i84dts","18373254644070862441"
"b000aa87pu","18373688292230003205"
"b000ivkrvs","15664992944977677730"
"b000ozia62","648205874217332044"
"b000lpc8t0","11831542288207686462"
"b0002c3vqq","18371416588940021581"
"b00009v7hf","18373045261595979693"
"b0007d8esa","18368896632826907002"
"b0006b64v2","18369825056478487049"
"b000qjrska","18371727039035112852"
"b000bt8trg","11826731647881867985"
"b000ov0gao","18371601730045221642"
"b000088ner","4776201646741876078"
"b000088ner","1347968736695236641"
"b0009yx9by","5238862557893361196"
"b000mfgx7w","18416264451031093966"
"b00005op44","18381906790026125106"
"b000bwbtwu","6205544377126393085"
"b000emgcxs","18384214908341178781"
"b0001iqnc0","18240279639195527181"
"b0001iqnc0","14425804478665246948"
"b000b6kxfa","8894150903607310427"
"b000bndghk","18427441766979913551"
"b000e8jlas","1532472446439845707"
"b00009qenn","9685584718207146115"
"b0001h9l5m","15812045656958608251"
"b0009xb12o","18396354299258717606"
"b000i8od4i","18213081663134894535"
"b00004nhn7","18434385825570199468"
"b00062jdka","9616317575612495489"
"b00022ptt8","10568264795540984053"
"b000bwbu6u","6282886480523973402"
"b000bgtv80","11711993756559182415"
"b000bgtv80","10623432141570708774"
"b000o27t8a","18341451742874553099"
"b000ndib6y","11553460726656084647"
"b000ndib6y","13659935621775890962"
"b0001wn0ky","16388256207576026986"
"b000q6zk3a","18371419521576660155"
"b000bhq5jw","18436637620422411542"
"b000hcz8gc","9807438286656285076"
"b000hctyte","7882287499485291732"
"b000bx24o6","14415907760923977024"
"b000bx24o6","17938513699320393589"
"b000mtebtu","7898902077337932386"
"b000hlt4y0","11831542288207686462"
"b000hbys5k","5250375660251099807"
"b000hbys5k","13631557261313424700"
"b000h11f9c","18422623903556262295"
"b0006n99k8","17425291246427623053"
"b00008mnxq","18380054536947094037"
"b000hc0lw8","16714036815187031033"
"b000hc0lw8","16573354058682977088"
"b0002b0qfg","11267581873345425673"
"b000ej9w0q","10299611596430222322"
"b000ej9w0q","17596883596074762243"
"b0007lw230","17298610841039937504"
"b0007lw230","10628460274071713512"
"b0007lw230","10595032077010116055"
"b0007lw23a","11630432614273539055"
"b0007lw23a","3045238811380824044"
"b0007lw23a","9643223122893875320"
"b000hbxjxc","11125907881740407428"
"b000hbxjxc","11409582066977374017"
"b000pdnhno","12311932123270766595"
"b000pdnhno","17070501717470514063"
"b000hcz8ey","11114112522015930440"
"b0007lw22g","10849068506859926430"
"b0007lw22g","18398718226932431716"
"b0007lw22g","4539901557040997564"
"b000ndib7s","3473826515983580841"
"b00022ptru","8761785470712681109"
"b000hlt4tu","18404168006486239466"
"b000hcxklc","9255722138583214734"
"b000hbvvg4","4699273716641936158"
"b000hcv1ky","16905793691117512235"
"b000bgpqr0","12737245292905990966"
"b0007iqg3a","16894460490935798232"
"b000bknncq","10004325115759097777"
"b000ogsyk8","391160076939023566"
"b0008ewsf8","10087092539211280139"
"b000ndid26","5673733196767057398"
"b000h16p9m","3846293022585027470"
"b000ndid62","14736350815466474940"
"b000k2nktg","415173687627513981"
"b000ndibvo","5767845185221029524"
"b0008glgrm","4178014773187756948"
"b000k2t0ou","13916432686331461255"
"b000lz6a5i","16835999630329052337"
"b0009qvgeo","17491282253363994324"
"b0009qvgeo","10895411331126528294"
"b000hcz8gm","13673799320876526338"
"b000ndid4y","18383405503824080160"
"b000dinb4g","18414778073602422524"
"b000dinb4g","13769671790180310327"
"b000cc22ys","13711624573601150378"
"b000h14rr4","12837108039205076533"
"b000h14rr4","10426833843056008758"
"b000hcvr1m","12219649046294237633"
"b000k2nkua","8251934342990013076"
"b000hbxjve","17956249157120493393"
"b0009yn1rq","8664755713112971171"
"b0008glghc","2838840999646798655"
"b000ehs6ic","9897777989987457856"
"b000ehs6ic","3377135321507891586"
"b000hctysa","13321642681501377375"
"b000hctysa","12116763117328044444"
"b000k7vinq","16448745536109976455"
"b000hbxjuk","15555806239483804720"
"b000hcvr5s","12218017436042377109"
"b000ndible","790771655328756919"
"b000h16p9w","12831181740691949409"
"b000h16p9w","10330893806550846255"
"b000bwzxk4","8498979351589060419"
"b0008glgea","7415156197197389350"
"b0008glgea","5588744582758188682"
"b000o26lo8","7972469902462196789"
"b000ndibe6","9761533219806554318"
"b000dn7k8y","17723708447447202259"
"b000cs3s2m","17504372812251027705"
"b00005wf9v","16689580885336652505"
"b000ndibri","3607173973836413689"
"b000ndibri","222400256379219119"
"b0001an1n2","14758105640999079833"
"b000bgtvda","18378932841147152966"
"b0008glg1i","65639973300118271"
"b0008glg1i","1496374872690142682"
"b00001xdw7","10541632718220382972"
"b000o27qfq","14054232840925252286"
"b000j1cit6","7937630813831495909"
"b000hcxkks","18395554978346558556"
"b0001wn1fs","11687167580478628748"
"b0001wn1a8","8324654787720267662"
"b000aa87go","1803780371601211439"
"b000ndibwi","596526892186899957"
"b000h16pag","17570801106897429429"
"b000h16pag","3192985906364439341"
"b0001gu7di","1035187390817409083"
"b000hbxjt6","18387306349260922373"
"b000fis8ew","18361636558506127089"
"b000o27ti0","3621810113236094380"
"b000hcz9ac","18394964067436310447"
"b0009i5px0","10713659865788525116"
"b0000als2s","17832927937923546408"
"b0001av65w","18312853825749428303"
"b000ofnrhy","9526578983773698753"
"b000ofnrhy","5098650180744423847"
"b000ofnrhy","6968597519129780490"
"b000ofnrhy","10453015417098446087"
"b0001nm7zm","8829327324895223617"
"b0000696oh","18180725296745787083"
"b000bi8m2e","9000601847258285543"
"b0009n4gx0","8968352871606641625"
"b000pgq8sm","8648200549603855201"
"b000k6b2l0","17834804262117799503"
"b000ezp0n8","17907379108807127194"
"b00030iej6","7742313617688572944"
"b000cfx744","17911312393691300802"
"b000k2pa3a","11972925909028080525"
"b00022pti4","7739419455751524618"
"b00022pti4","16729750960777382226"
"b000jx7g3c","17886724437749928713"
"b000eu10wi","7587316869277129977"
"b000h1xy3m","17896835956549874370"
"b000bckm7i","7704167897291051109"
"b000bckm7i","13540884315258409885"
"b0009tqb3w","6112085133304289995"
"b000pgs3cq","5631550280326312479"
"b0007vubx8","8395248988761650431"
"b000k5uxys","5935343405881149008"
"b000ecqxjq","5615075942724114350"
"b000ecqxjq","16899532838792786499"
"b000ndicpy","4287560991242110323"
"b000ndicpy","13125236767288549966"
"b000fjsa2g","5364807314885028760"
"b00078x3hm","5707639507589635432"
"b0002nt5ho","5527718669808727624"
"b000ivl050","17758143132560820340"
"b000cnf014","17760107129811199554"
"b000ivjsb8","17787032142812456248"
"b000he39mk","17771223071817478541"
"b000csralc","17802084899902028186"
"b000in8nhq","17790799708366999123"
"b000piht7e","17817863026849640364"
"b000i8od5w","17828266310377038415"
"b000bs2vzs","10956401022937572078"
"b00062vos4","18011289804558195936"
"b000nlwxii","18046511712294457433"
"b00002s75b","18029245320668853953"
"b000io79mu","17943553623332924825"
"b000pijszk","18054567164113625813"
"b000ub6avc","7795796130761039507"
"b00008mnxz","18389048469504944658"
"b00008mnxz","9445487736380311288"
"b000o39yge","17936351408567096042"
"b000gcd73y","18135578158357182921"
"b000jx5ppi","18113699401844993243"
"b000b676fa","17982318849719467269"
"b000bh3dbk","18141440313618559567"
"b0002iwyke","10827782844634609439"
"b000egidpo","18000939542340526750"
"b000mgvnks","10851688356333529622"
"b000ml8d5q","18003213870869015246"
"b000bcdrdo","18395874674910243298"
"b000bcdrdo","9984474904568818121"
"b000olsreg","17966566453322835928"
"b00007bguc","17967569973770560353"
"b00001qgvr","17956725325082284641"
"b000mg2kpk","3907261301303045278"
"b0000ca2ix","18405769282316939471"
"b0007yepx2","17962667015870936885"
"b000fmncb2","7928295573107692065"
"b0001ghg64","17878975434909198145"
"b000r1cs5w","17872821788401002421"
"b000lu9cwg","17846711186532338786"
"b000o39tgo","17939626833908573527"
"b000o39tgo","11742689310169054682"
"b000dzfdbi","17922830512683848229"
"b000gw55es","7744548491761569898"
"b0007znn48","7744305702477366904"
"b000s5x3q0","17919905528679711200"
"b000fer1cq","8056776198231015744"
"b000kbszns","17967900865986277130"
"b000bi641a","8050920942672245174"
"b000saufpw","10073523251870401694"
"b000p5in5e","17334196774609191985"
"b000frs492","10728844449163351151"
"b000gi7itw","17322311354110627719"
"b000tilkpc","1081494753292983123"
"b0001ipy66","17321125761149481127"
"b00074dy8e","3528611718110158975"
"b000tl4qb4","1949229857064458441"
"b000jx5jnq","17303242525950545639"
"b000exw524","1936516034668822172"
"b000q71qqy","17293813878683470763"
"b0002ce0v6","17297585967951704634"
"b000h69szu","15544999546747963941"
"b000ftpmc2","1766122214269018147"
"b000qfrt4o","17229680859570691562"
"b000bwzy7q","1759747759895818218"
"b000bndgzw","6327594211039677778"
"b000fovsha","17285189275812329124"
"b000i8thy4","17810980474859468457"
"b00009nfc1","4441393199380874556"
"b000sqnbp2","18309926777977827139"
"b000nkpf7u","18308374908816476565"
"b000cepgwg","4433860407786915136"
"b000h6d2do","9639435771556038530"
"b000ov404w","18304611545439824631"
"b000cqpc32","18386940331900923694"
"b00076ywii","17407485579094223073"
"b00062uji0","2604592440966815556"
"b00062uji0","2644254417608822315"
"b000bcicr0","17392222800642377551"
"b000ujw3ss","3469210017983673758"
"b000rlnqcq","17395564824016755724"
"b000a2zlam","1904648546294590301"
"b000fem8ew","17375915846745821199"
"b000cco5wa","18260252787140686571"
"b00027eqmy","2460101921085498175"
"b000ccvp0a","12536674159579454939"
"b0009gd0km","17374298119474236406"
"b000cabe4y","2462325488620129357"
"b0006a5iwe","2275328841264109872"
"b00062vfec","17362544992159710827"
"b0002dlrru","18363181454550367129"
"b000ixvqk2","2284241765475162173"
"b000fjs8sc","65578552457551022"
"b000p49vis","17360430673200796553"
"b000egoe9s","450727896245374226"
"b000ofnri8","12244614697089679523"
"b000ofnri8","2217167988787223405"
"b000ofnri8","10044826638425571623"
"b00081i6ji","18411096849519146392"
"b000h25yoi","17357728675180341663"
"b000b85aag","2233807276870300519"
"b0000vmim2","17335686828900761528"
"b0000vmim2","15283790763832398825"
"b000ndib82","4058027556169196919"
"b000lrdlia","4142751275091158911"
"b000lrdlia","13830033675761129549"
"b000kipk02","3911347389465432711"
"b00007eegy","3997486488729671932"
"b000bs5icq","4295762370065792405"
"b000gcgqd2","6490413833919329208"
"b000gcgqd2","13759883185832377445"
"b000o3efrm","4233168214815079628"
"b000n5meva","4282890852330556387"
"b0001g6q2e","6607475390801476875"
"b000csramg","7150077051864937455"
"b000qclgqo","6176694480450258174"
"b000hzrlim","6645838516644564026"
"b000eiau3u","18396389648150219430"
"b000a2aknu","5520835678868977029"
"b000mu6mve","5562499905130838466"
"b000edgo2q","7147648211015076337"
"b0002itt84","5505866551596188643"
"b000e6mjig","4549566074000049896"
"b0000c7gep","18343959075631403504"
"b0000c7gep","18433413888105089937"
"b000v05f4k","18304228419567401310"
"b000bt559q","3137318477096164629"
"b000g6gn2m","4436087621332035022"
"b000edvrtq","14326164391298371952"
"b000aa878m","14837029540644805566"
"b0002al1z6","15577341303347278445"
"b000ep3gei","4837330611493150937"
"b00009v3nw","16452108546715101414"
"b0000vyk1o","17409160117322953940"
"b000ep8oju","17530305432950801722"
"b000ecyp0k","3704829860217910239"
"b000ndib8m","2927219174769865115"
"b000ndib8m","10834301366840736522"
"b0002oqy1i","15832790434131694955"
"b000i8od48","3626343668255224722"
"b000dz9yoa","5216541735240789992"
"b00013wgz8","5168261559363303902"
"b0007sxgn8","13588549604733030954"
"b000h27psq","13799844440134110129"
"b000h13a2w","13389337162643628213"
"b000h13a2w","9946072379807963307"
"b000h241zg","18399328874850787866"
"b000h241zg","11611566315397308287"
"b0001wn18u","664913958514106734"
"b000fovsei","11117774223029062148"
"b000om8fba","10686405526722482213"
"b000hhzie4","11038012533329162078"
"b000ra5bl6","14007011703509063417"
"b000ra5bmk","16908015325729489564"
"b000hjott2","16558385795268912766"
"b000exs47y","16633280530608162098"
"b0009yx9bo","18395787464051623418"
"b0009yx9bo","14640507864355837784"
"b000jx1kdy","13499930330802525158"
"b000h229d2","14928650794745636736"
"b0002ibeve","3360196621571367222"
"b000lu89uc","13380169193455086942"
"b000hhvb2w","17476622898499473532"
"b000hhvb2w","16674697281415587384"
"b000fbgaia","30822033968544493"
"b000pdomn8","7403657268074522339"
"b00068u7ww","13815055497602261010"
"b0007sxglk","17762641182538089473"
"b0007sxglk","18405058220481329541"
"b0007sxglk","12109861711097484827"
"b0006nkbn2","8709560014305112537"
"b0006nkbn2","13986409474793202514"
"b00019jgwi","407742822135371560"
"b0001xnkp8","12656847251589121665"
"b000ndibjq","14812439490848045578"
"b000i0bp6k","10110199435466109569"
"b0007sxgmo","12250274471957898660"
"b000b6oboo","12418972562708861095"
"b000bc38o2","12383342975629473219"
"b000eqy0ss","17149948893700452737"
"b000hlp5yi","9785861434635986999"
"b000hhvb9k","9852496278444342781"
"b000h241x8","13278655414642608462"
"b0000azk3v","8506958797516287357"
"b0000azk3v","5449819493015414043"
"b0000azvvs","5310740648374994867"
"b0000azvvs","2914315195947217599"
"b0006b6b1a","18378422702839985200"
"b00007kh02","4749954713094759082"
"b00007kh02","7249154325906371083"
"b000barbaq","124870490385972224"
"b000frqfe8","4450102625152904120"
"b000frqfe8","13703162595446844265"
"b0007l9ecw","5363123129666342202"
"b000b6oboy","12643092178258671772"
"b000o3d94m","17453432506391757198"
"b000o39u3q","18195210518723634061"
"b000o39u3q","18386729116244999637"
"b000cik6rc","18100341066456401733"
"b0001wn0sq","7946849252371593289"
"b000h5fo8g","16987363527577090531"
"b000e13es0","16987363527577090531"
"b000fiej4k","15307043633633162485"
"b000mti8mq","5408845339376590167"
"b000fn6c2c","7893604833764557727"
"b000e0v924","385281297660428617"
"b000na1v8w","12662824890153121005"
"b000abapo0","2284939042076115226"
"b000tilkq6","5964541247628078613"
"b000nkrj0q","13749047006070540730"
"b000nvspyo","17346668920138765245"
"b00013wh0w","341468719852005595"
"b00013wh0w","10202903815808902868"
"b00006gxbz","9070775827291844765"
"b00006gxbz","3767792591229692245"
"b00006gxbz","6859916462314032120"
"b000ndibqy","17409309332075689843"
"b000gcd6lw","3011334164286500167"
"b000gcd6lw","6581993018347517264"
"b000ndichc","13807405031002803472"
"b000l1phg0","18394332776181186072"
"b000l1phg0","11954719051240282085"
"b000a7q6n8","13561687450780175373"
"b000a7q6n8","9575830162604297862"
"b000g3mer8","9342175169264415955"
"b000g3mer8","13255609368261584070"
"b000nknb8k","17333018247606173982"
"b000jf5zec","13629768701500088491"
"b000jf5zec","13368045031336320583"
"b000fvqo0o","4025192676992669735"
"b000fvqo0o","2209370345378693785"
"b000fncrto","9167720084838534914"
"b000mmt6s8","2066161709446383266"
"b000v7v2uo","18218026817519050250"
"b0009afff6","9757350103424139605"
"b000qeitty","14918356353168654855"
"b000mz7c36","1209717630190599142"
"b000m2yc32","10248910023220043204"
"b000e3e2km","17330505621209587005"
"b0007lw22q","10939909441298262260"
"b0007lw22q","16090908477278345856"
"b0007zf3ge","10244573068939530333"
"b00097alks","4522979894661726264"
"b000rgxto6","18107239556630917796"
"b000099108","18105761375553744131"
"b000mz7c2w","15648850844085647958"
"b000lu89yi","18089023914130738551"
"b00004ochj","5722368875390495429"
"b0009jhv1s","18080236342166120371"
"b000b5rweg","18360660165216793779"
"b00006y0es","12445044163325859752"
"b0008glgmc","11641601394104549163"
"b0008glgmc","11616731797055705273"
"b000hbvvka","13394537834910060641"
"b000g7wses","18073883319223617218"
"b000e3c6c8","17693391962532243349"
"b000o231le","9043771553757075875"
"b000o231le","604011493834288779"
"b0009mg80a","11063455580387217522"
"b000kjzigw","18055289311900407768"
"b000ph8xs4","8417237654939994137"
"b000o3bgh4","5477812729338266692"
"b000hed3fi","5655410586169835557"
"b000b6n2lw","18382903514613113420"
"b000b6n2lw","4747185109584668947"
"b000ogsyjy","16579315096492817894"
"b000ogsyjy","2253075076541338967"
"b000068u3h","11635339528486156141"
"b0006513tg","5781318040297863663"
"b000kmehfw","18362060657249986591"
"b000hlp5wa","8519495523069900652"
"b000hi1i9c","8050702989930375401"
"b000bgpqos","11029185598470444071"
"b0000c6eol","10445277524546945239"
"b000ogsgzq","8589080476501847235"
"b000ogsgzq","18053677474084218860"
"b000jx1kgq","18234349657423202538"
"b000s604de","18240281005302874979"
"b000egmaj4","7247732872667648705"
"b000h25yr0","18264562147667335719"
"b000ogsh3c","2640184679506710701"
"b000m6xk4k","7516347790713287981"
"b000qxd2tc","7653075580455328736"
"b000saufbg","18225778049143407208"
"b000fngzs8","3518997692511645502"
"b000b6n2m6","12929795214910360357"
"b000b6n2m6","9246547342017279002"
"b000io799i","18226456193742595288"
"b000ik414i","16073556725854260285"
"b000hlt5g2","3274305083856247424"
"b0009suw4w","18425416409544307946"
"b0009suw4w","4325793427900176296"
"b000mgo1r0","10555450463385817719"
"b00007e8bi","18286585073343765950"
"b000ndibkk","4247841323668156699"
"b0008g2bvm","18275035621919457369"
"b000cp4ja0","3040037286169376262"
"b0009yegpc","18259447335875519213"
"b0009yegpc","13834985344480832776"
"b000hhxevi","2710470763365986624"
"b0007r7e7i","18118065911754783035"
"b000bnjmnc","2723560865541859631"
"b000o3ek2m","18295506345742178609"
"b000230e4m","3000347833164648276"
"b000egidue","18264347410665748173"
"b000iz8vqw","3000347833164648276"
"b000p4tc82","18172308291108986699"
"b000bypfu0","4573258796236774141"
"b000ndib96","9426718267663314434"
"b000h24200","4675262861576384624"
"b000q1pyv8","18171290245464117932"
"b000hpjgw6","4250686295132810758"
"b000mgo5bw","9250111493808447085"
"b000ra77bs","4432724463066898018"
"b000jh7c6y","18159360858957097495"
"b000ndicze","17511510969143463932"
"b000ndicze","15315731988494931444"
"b0002z8a1o","18163685181387991761"
"b000exw51k","18190434268931466210"
"b000exw51k","6804198758936861643"
"b000hi1i6u","3752772644614152917"
"b000jiqlxi","18151952927255406461"
"b000om7diq","17708766593513600591"
"b000om7diq","5216140459207502478"
"b000om7diq","11294551601294188336"
"b000o3bge2","3594701920411099396"
"b0009dxjuq","16790631679419428442"
"b000b63xha","14798220155665223365"
"b000nif4im","16793437722628106463"
"b000in34bq","5571864419424285346"
"b000v7rij8","16778737466501327415"
"b000e2d3lc","16769449274864717899"
"b000ffcdim","13298644336068097806"
"b000fzxipo","16630396354315555450"
"b000fzxipo","12453672105653412076"
"b000b57k4s","16798783463218493349"
"b000hedyio","16622880533554607802"
"b000pg7ha0","15026147703472509135"
"b0000vmimw","18364436159487312703"
"b000ehs6h8","4818950838228892044"
"b0007wv3ei","18347005743602331538"
"b000i4rmfe","14007006525589850325"
"b000ar96bm","16873990150005697074"
"b000e8rdrq","890958699191814692"
"b000b5srju","16872612252422367466"
"b000ehs6gy","14188088676549374410"
"b000g80lku","16862951998092117648"
"b000pienlo","16974008974544976244"
"b000pienlo","17138232112312322851"
"b000aqvrry","16846135635145492175"
"b000szzpi4","17036928989465404370"
"b000ro5o7s","12991998923940483779"
"b000ro5o7s","7129140322149464777"
"b000jlj0cy","16827217446944316033"
"b00099xf0e","16819471998102486336"
"b00005birs","16816523477506304009"
"b000fn6cf4","8110280389757211340"
"b0006ma3bs","16814254064816255791"
"b0001gu7jc","17037106486883484113"
"b000k7vio0","9592753698712041843"
"b0000899lt","16676630267570211401"
"b000brczzk","15013560737417394943"
"b000ivjv10","16673725682059181917"
"b0001d56uu","18039361276696190381"
"b000brm3xe","18396085441922746096"
"b000brm3xe","7181709960017015550"
"b000rlqnr6","16687635820409313347"
"b000gbukgm","11524039735478682676"
"b000gbukgm","2448830856693653081"
"b000nknb26","16685945982481680279"
"b000nknb26","18407763828897928168"
"b000jx1on0","16738828984601610049"
"b0002fgfiy","16668702350993735780"
"b000h0k3zu","12105115514315351902"
"b000h0k3zu","2069408671914881522"
"b000trgqqg","16874485945364761422"
"b0007yepxc","16647647854444612501"
"b000090179","17953929889613420408"
"b000090179","4323218411575640054"
"b000090179","16002979675138477406"
"b000090179","9700384320550908183"
"b0009jhv5e","16721626632033099240"
"b000787g6q","14035761522429892531"
"b00024wjrq","16744224390148606478"
"b000n28264","9029807166568270057"
"b000nkklwe","16700933768709687512"
"b00076ywj2","12002408855288739955"
"b000a40w4a","16720347622986234211"
"b000licg1m","6070036801370348429"
"b000eg6d5q","16690738478999740250"
"b0001xngz2","5836713568200382986"
"b000hbysf0","9117876336691363711"
"b000f7gysa","16702887737767240197"
"b000fdetxq","4834494816656344498"
"b000fdetxq","1327096272598550732"
"b000099107","16698946140878275557"
"b000hjdpx8","1829125396804686622"
"b000in6trc","6874875179525744781"
"b000bu7u48","16694806128312036500"
"b000fowht8","17133221075889749370"
"b000eqieik","8261805484012687318"
"b0001fyrq2","14693413290856659257"
"b0009dt87e","12849123232978824729"
"b000b3z2zo","5286999908576362211"
"b000ra3l3g","6628446350064818078"
"b0009nr9mu","16755727468265308879"
"b000t9luce","18388359068656820969"
"b0002ip4lu","16739935323659993586"
"b000hjqyc2","15260761427784751076"
"b0001fyrqm","6239309275726276581"
"b00099e4ya","16750826951044664483"
"b0000990y7","13833576505530604294"
"b000o39u8q","5609692463569230619"
"b000o39u8q","12958721621590299185"
"b000nkfee4","10699505690150129858"
"b000fk8b42","15528939772983751628"
"b00099xdpq","9660795325358759539"
"b000ra778g","1503028931039652298"
"b000bdiqpc","17153123894129090968"
"b000fetuiy","10702491954940587385"
"b0009suw5q","712876185653102576"
"b000in4uak","12243674671451624208"
"b0009yx9be","1021042895134770712"
"b00002s5ig","10121034673222484873"
"b00002s5ig","8376577004489658408"
"b00002s5ig","4015258116571466944"
"b00002s5ig","16696977577840370909"
"b000gzy7oo","18207838499884290592"
"b0001xnkoy","17826820522977097999"
"b000ra20uq","594191839879876004"
"b000h1de00","17326098494894452732"
"b000o39qoo","1160856703276103950"
"b000byruai","10307558685940721323"
"b000bo9rt0","1187936019689259805"
"b000bo9rt0","10667383848205761084"
"b000nkj29c","17390440905927321212"
"b000hpf7p6","1781031509566531842"
"b0000959kx","6052848636732301170"
"b000o8g7z0","2442636071527910651"
"b000ie8u4g","17308332648335562662"
"b000io7a9m","13440353610523579374"
"b000fp0k0u","716894577224484053"
"b000ieaplw","9847776401829585115"
"b0002uhuii","5487359335167368126"
"b000hlp5w0","15030217405491356248"
"b000f4ei40","5235601774209920453"
"b000hhvbdq","9685850187894108398"
"b000egidpe","381135748290856568"
"b000egidpe","4998847858583359731"
"b0007sxgla","318535575684738487"
"b000o8gs3g","4395553239306869895"
"b000m6wlyk","4108712449976038856"
"b000hhxeuo","1861020527779170726"
"b000fqvxf0","9954012264342776691"
"b000o3bj3k","12942134175594025487"
"b000gihfyu","9859735236279839568"
"b000o3d9ce","14007918865629410175"
"b000bwa1jw","9029108187932664886"
"b000fer1d0","2328950736697317790"
"b000b56boi","6779487277459931782"
"b000g0oom4","6320757184409585395"
"b000gkpe14","6596219200360663289"
"b000qxdj0y","11808064350838387307"
"b000gkpds8","5515688203820371988"
"b000hed3gm","15481209573698256416"
"b000aoz7hw","10563522754094993865"
"b000pg8kxs","13312621869477195220"
"b000he9pr8","7349023854495904300"
"b000pg8kwe","7402484848566215245"
"b000pg8kwe","15202414965182690664"
"b00083czbg","15052254484804072386"
"b000hed3fs","4811212829822917671"
"b000ea9u2a","11826796220164615935"
"b000pgaimo","5326441011843947394"
"b000e136ga","11829938385250188093"
"b000gr1ceu","2062975649512805986"
"b000gr1ceu","4703701453618359906"
"b0009hl34q","11654629063147846560"
"b000ffsgho","4935901327541769811"
"b000bcicwa","12825336441689158397"
"b000g0lieq","10542539041826323398"
"b0000c4dx0","12956485848771496004"
"b000ovft92","10720405921949933758"
"b000p9eqva","13127837519859196528"
"b000itvtqm","3539622760913695235"
"b000mvp5i4","11404109022171531561"
"b000eezn2c","12329058540425314571"
"b000ghwq7c","2454405441197407300"
"b0006b63rw","12911813140487249020"
"b0001bfdau","4081985616275580076"
"b0001bfdau","16537637847870148950"
"b0001bfdau","4018509382848032799"
"b000etjjae","12845228373531717554"
"b00019tb00","272319572293073318"
"b00019tb00","251538724524961694"
"b00019tb00","4672425011703995374"
"b000070ilx","13036666023758000710"
"b000bljed2","13747478666009449997"
"b0009dwkwo","9753054521720614066"
"b0009dwkwo","8882659121069859929"
"b0009dwkwo","15744420000863688597"
"b000ri161w","4601529828088226069"
"b000ayxld4","13230504925826567019"
"b0009i5sgy","7702263644150091221"
"b0009i5sgy","3306668805908280679"
"b0009i5sgy","13523201367240249515"
"b0009i5sgy","4615810080995000742"
"b000mcianu","13653159525369338466"
"b000mcianu","18365358438027236949"
"b000k6b3zu","257434657988780139"
"b0009jgv50","13809600021930717984"
"b000qxd2tm","17972160650826336548"
"b000bsfs3k","13482242609904424371"
"b00005aycg","16171315423038143989"
"b00005aycg","14590739388057248882"
"b00005aycg","3987149121723701537"
"b00005aycg","5506083081141279166"
"b000fcyts2","14641221219676710452"
"b000g0lkcg","14235968984166622494"
"b0006vc3vc","13235146651353177601"
"b00006iqth","13286819633533674312"
"b000he9psc","14520556770161082452"
"b000pgvk5s","3286136250930686353"
"b000pgvk5s","1872945109493928217"
"b0002x9a1u","13871525141591734359"
"b000h3lza4","13919947739364726744"
"b000b6n2o4","1167394947195166949"
"b000b6n2o4","18386275313356170584"
"b000enucs8","4968803125750101769"
"b000enucs8","7997047825469627962"
"b000enucs8","18435241901201099210"
"b000gaqlxe","14792132642669527606"
"b000gaqlxe","13825743693732119715"
"b00021lrw2","6591008499871907116"
"b000ndibl4","14992670292987095559"
"b000fdetx6","4635585281695496952"
"b000fdetx6","1298387803049191225"
"b000a0s3x6","16019355033889363381"
"b000euhiug","15998338875089949975"
"b000eztvym","3370622523798561341"
"b0006aao9g","15937975832085771486"
"b000bx441w","6376971851371386778"
"b0002735fi","18409154395025279191"
"b000bs5ibm","15944513620809178120"
"b000phd8ha","7446817695346465267"
"b0006aao96","15911936238938935149"
"b0002jtvng","5572182459728876600"
"b000ub66ha","15897742829993345210"
"b000hl1eie","10217306837122444015"
"b000feyg7o","15564784742978828373"
"b000bx5ggy","8317633865991250636"
"b000bx5ggy","12226449661661559282"
"b0002vjvxy","15893880004435051441"
"b000mrnc9m","6926972626200206366"
"b00061m0qk","15404585187042606500"
"b000u1w4us","17155028207234161100"
"b000aoz7jk","15423446152280840126"
"b000iw5kv4","1756203513172973882"
"b00009l1hv","15203735208016659510"
"b00009l1hv","11958168742202087168"
"b000iaolaw","2919031939469503608"
"b00002s755","1946192615586358516"
"b000ihxoa8","15299848488500055875"
"b0001wn0m2","17784299186975876292"
"b0001wn0m2","2691848002513611613"
"b000fbju6e","17104623549372310375"
"b000byrinm","17081837201771092975"
"b0002i6l7g","3887119395489365873"
"b0007ly3zu","16699804671191247885"
"b000e28ut2","17072957672946519930"
"b000hlt5hq","5120006088713032791"
"b0006i7glw","16445577344159065644"
"b000j4oxf0","16319944090637292990"
"b000afkxso","1611810981921795487"
"b000iek7kg","16351355486478883410"
"b000lxdrjm","6524009149304761284"
"b000gamw7s","18053348848713858697"
"b0006aaoiw","18106742966338682113"
"b000h294mq","10856062098610973379"
"b000h294mq","17383951289144054339"
"b000bwzzlg","2793425352847818039"
"b000j6ddrw","18190371164810858934"
"b000j6ddrw","18378133609675219667"
"b000k67vss","13970926731293955146"
"b000m9c70k","18227817484834707150"
"b0002wt64m","1522029332117434843"
"b00094ot4a","17708460496974727302"
"b000iwarqw","8805781114218671102"
"b000ldqs9s","17666397403215916975"
"b0001xdysq","10775485982845096156"
"b000exu9ay","17823721749459533075"
"b000k6crb4","14783944613059032198"
"b000j5lgg8","18004448735840625942"
"b000hkim7q","17555720475076621347"
"b000ndibbo","16934204320953872944"
"b000bx0006","17214545032473425136"
"b000bx0006","4621582451171111860"
"b000922deu","17512159947329144136"
"b0001wn16m","14391445631859374347"
"b0001wn16m","18396633258112051350"
"b0001wn16m","18372325427432567642"
"b0001wn16m","10092468528845066077"
"b0002vcuzk","14443906686010295390"
"b00094oszk","17215854618313178923"
"b000b6kh38","18277398973089665313"
"b0009ftmj6","17244314871392617212"
"b000e3fn4g","9584209186514584056"
"b000e3fn4g","18391865764441158658"
"b000jgqt28","18282499725938188855"
"b0002mg5uk","1267940675828545901"
"b000pijt6i","16984572314608520314"
"b000ndibge","1227473479709404023"
"b000ivhlgc","16978988391209170797"
"b000fiejt0","2044788707045179226"
"b000mfqzoi","16972373098771212794"
"b00004ochi","9122006997888271580"
"b00004ochi","2954833753751672874"
"b00004ochi","8564521918031484066"
"b00004ochi","13869960802688221937"
"b000qd9f5w","16981277851522177810"
"b000tme1ke","16965466141678042659"
"b000lwfbem","6614738792097944479"
"b000lwfbem","18426249152153175425"
"b000lp6jky","908293428104495266"
"b000bp8alk","11465786913875583817"
"b000edjjhs","17033785854482020785"
"b000h2can6","866471509127749885"
"b000hbysc8","11343515411965421256"
"b000ndid44","1396058941659125307"
"b000ndid44","18415197771734313133"
"b0002w30e4","17020261670293385352"
"b000fzz77q","17008959831760960991"
"b0002ibev4","1887899244694755891"
"b000bckm46","17651580132908652894"
"b000bsf1iw","1366247437960571613"
"b0009affew","17165389585205797735"
"b000feygds","437358952274487020"
"b000oqjdna","17165631569540488376"
"b000emcays","727817609597268757"
"b00007m5vg","16901363491609477771"
"b000fkbhlg","725822618923623741"
"b000btac30","16883659993106723886"
"b000q1pyzo","16880028183560827373"
"b000i3g30k","13078719460791292222"
"b00007e8d4","16959392076941739015"
"b000byr41s","825708128584676723"
"b000b6n2oe","848125606533600340"
"b000frs438","16940097910559500208"
"b000gcbov6","779838933309218814"
"b000gcgq82","16921328283361819228"
"b000hcu7b8","16917437492135092265"
"b000h27puo","747897289202016262"
"b000gcd6qc","17053187920066498620"
"b000exs456","7954126691882273345"
"b00029rapc","17059526546034030562"
"b000ag5sb0","12546664403196501542"
"b0000dk573","17077922689318325801"
"b000oajy8a","7354148618116652287"
"b000in351k","17079453403984087719"
"b000bdezfw","18431383104785501737"
"b000ovnlxs","12398024089660412056"
"b000jx5nm8","17083097999546756325"
"b0001fyrqc","16246834342456901109"
"b0001fyrqc","7062936722155279808"
"b0001fyrqc","5976779863499710865"
"b000ej9w0g","528675562457283213"
"b0002e3lpk","3815040086805205738"
"b000056b63","17180557293748751234"
"b000ro5o78","13009872890401668351"
"b000ro5o78","4827955808966376315"
"b000ro5o78","18370662348326877910"
"b000in35ho","17101910436938629162"
"b000fc4du6","534612205120966482"
"b000h2421o","17262070833319550928"
"b000gb1xfo","5068947095089747483"
"b000lff13k","201121512151694259"
"b000lff13k","17709309145330542949"
"b000gb0m7y","15318442980556593434"
"b000bcgf9m","17137407106136957809"
"b000gaywoe","1263381651905806931"
"b000nknaze","17094758357141692240"
"b000i5wcp8","11018448213893210660"
"b000ivkrww","4158738238286203856"
"b000ivkrww","18393792313881524360"
"b000ivkrww","747800619686534084"
"b0000c4m1w","17149576701498164512"
"b000i8od3y","576657957503096211"
"b000oahvl2","1341133658694254112"
"b0000c7fpt","17175991674191849246"
"b0009jgv6o","171336667164499787"
"b0009eu0ca","12931942175551075589"
"b000hcqqmc","17192874868577413898"
"b000fj16ou","17192736847409473684"
"b00006sijr","5585715428749582523"
"b00006sijr","6247936198343071793"
"b00006sijr","13589207002001810856"
"b00006sijr","10621416214836586442"
"b000h229fa","17185994271384879488"
"b000in8n30","11216712001773264822"
"b000in8n30","4377533611520192512"
"b000j00xeo","8524288977169655479"
"b000ndicqi","9647142668602200141"
"b0009jearq","17196507061828599304"
"b000067fk7","3785999369106891548"
"b000067fk7","22081347244611883"
"b000067fk7","8900923119664778651"
"b000067fk7","1832664201831888645"
"b000ijngeu","17208172489316783816"
"b000aoz7ko","153037367930985749"
"b000bsf02e","7475984506445353918"
"b000ro7h3w","13792413550965266630"
"b000ro7h3w","2783290587760886650"
"b00002s6sc","14941513108998426217"
"b00002s6sc","6908558013988135436"
"b00002s6sc","10496277297966281940"
"b00002s6sc","11023384475486845617"
"b000v7pf3o","17249871924749189514"
"b000ihxad4","2854532146016566771"
"b00006sijq","12017561125627261759"
"b00006sijq","14902598566526934218"
"b00006sijq","4886380100862625819"
"b00006sijq","10706956263145211695"
"b000o27rgy","3109934347512360013"
"b00009k780","17261970023689791051"
"b00006jo4g","16080101328048625984"
"b00006jo4g","17983103067016649420"
"b00006jo4g","10206096308013781162"
"b00006jo4g","15933205235519328818"
"b00006jo4g","17694493073700371269"
"b000v7y5j4","17269511268099992892"
"b000f7bps4","12516109834871224117"
"b000gkxmea","17230198637846961402"
"b000gwfgqk","13692542638505368471"
"b00006h3dw","17252201200051627446"
"b000gkshi6","16952776452110398384"
"b000gkshi6","8354689508970608357"
"b000oftj8u","4224056639442959853"
"b000oftj8u","13461495034626913881"
"b000bd1ad2","17267430885978125860"
"b00007g3ai","10901373095934236651"
"b00007g3ai","15756558104583624199"
"b00007g3ai","11265957088683077055"
"b00007g3ai","2519306436830554150"
"b0001mbatc","17075992384109050018"
"b0009hj5ve","904752907591542149"
"b0009hj5ve","5100323510083618710"
"b0009hj5ve","4036053921422681767"
"b0009hj5ve","17031778429388398652"
"b000063v0z","3325089562849958903"
"b000o39qyo","17273913360738156669"
"b000k757w4","17265475148454123541"
"b000e65hki","11050991040966629398"
"b000p4v8am","17411076438303340250"
"b000v809mk","17424435152951418977"
"b000v7vz2e","17926987006913487270"
"b000hlt55i","17411408037622367354"
"b0009yn1ks","17450858518393943272"
"b000fabege","17453864721509833307"
"b000ezmxcy","17440820469218114890"
"b00008wiww","2096220602293961985"
"b000skvy20","11359745283620291559"
"b000j1h08k","17943324820292919047"
"b000hhvb5e","2651646167662758246"
"b000hi1i2e","2084347887571442067"
"b000b6jasg","17471276055285923188"
"b000gamysk","17641037628832356751"
"b000jx3mx0","18142071205016449884"
"b000twz14o","17467141222535233488"
"b000lozewy","17477502346334387395"
"b000i7zabo","17479437813216357894"
"b000hkpfje","17501757616782483517"
"b00004t2un","17501987182659378619"
"b000v7riie","17523098183862840727"
"b00005v55b","18011756922272923721"
"b00005v55b","12732181672723754930"
"b00065hjvc","17535862274044952617"
"b000nkpf7k","17506547254238780201"
"b000jx5rz6","17634318125830822917"
"b000ndo7n0","17544063525352738794"
"b000gcgqvy","17456162504360585884"
1931102953,"12729065138733783657"
"b0000yebre","4921806606938865897"
"b000egidpy","5558998293398547766"
"b000gpsz42","17546591632033422235"
"b000i84dum","17544872940647061920"
"b000hus51e","17827472274973329884"
"b000bb7fjw","17614065814468597783"
"b000bgtvbc","15661314377252665074"
"b000v7vz1u","17615743519264436737"
"b0007m69s8","17998064550570873069"
"b000051sgq","17588771746186862436"
"b000rhdusa","17582660229215283000"
"b000rhdusa","11927579066669830952"
"b000jx5shs","17578507241939502542"
"b000ezmxz6","18127050167172376780"
"b000v9yxj4","17521446718236049500"
"b000pienka","17520994730465780544"
"b000fb9w3a","17941162981056466173"
"b000szyqam","18111145490199629534"
"b000jx84va","17836395815164917371"
"b000nkklwy","18277858650749573891"
"b000in6tnq","18251424810598585817"
"b000iflerk","17776155287333548087"
"b000exu99k","17647670175814866187"
"b000kmaa8a","17648688592984612014"
"b000lptgc2","17624778694912125664"
"b00005auzh","17640225934406949646"
"b000ndibhi","8042583218932085904"
"b00005rd70","17691332503246508957"
"b0000cdvuh","17695920349455995837"
"b000rsk7k8","17663334954312320904"
"b0009x6qew","18305953820307083661"
"b000tdgyks","17686732625070159576"
"b000pihtbk","18037480601440105621"
"b000pihtbk","9522193715675586199"
"b0002yiuns","17602054056835540213"
"b000in8mj0","17707372056830171464"
"b000cs3s2c","17715266298340609214"
"b00005bigp","17738870551709614779"
"b000h1df7w","17737819843616715912"
"b000p9cr66","17724977097925207764"
"b000p9cr66","13212739364324191667"
"b000j588g4","17733079574233143461"
